{"cameraMode":{"drawMode":0,"name":"Shaded","section":"Shading Mode"},"sceneLighting":true,"audioPlay":false,"sceneViewState":{"showFog":false,"showMaterialUpdate":false,"showSkybox":false,"showFlares":false,"showImageEffects":false,"showParticleSystems":false},"in2DMode":false,"pivot":{"x":8.055295944213868,"y":-8.49288558959961,"z":7.188655853271484},"rotation":{"x":-0.36235833168029787,"y":-0.007831827737390995,"z":0.003045485122129321,"w":-0.9320031404495239},"size":68.20604705810547,"orthographic":false}